"DESCRIPTION","DURATION IN MS","NAME","PARENT SUITE","START TIME","STATUS","STOP TIME","SUB SUITE","SUITE","TEST CLASS","TEST METHOD"
"","39","File for Master authorized_keys exists","","2026-10-05","passed","2026-10-05","","tests.bat","tests.bat",""
"","38","Client .ssh directory exists","","2026-10-05","passed","2026-10-05","","tests.bat","tests.bat",""
"","38","Master .ssh directory exists","","2026-10-05","passed","2026-10-05","","tests.bat","tests.bat",""
"","3","Bats is installed","","2026-10-05","passed","2026-10-05","","tests.bat","tests.bat",""
"","36","sudo is installed in master container","","2026-10-05","passed","2026-10-05","","tests.bat","tests.bat",""
"","12","Client container is created","","2026-10-05","passed","2026-10-05","","tests.bat","tests.bat",""
"","36","Sudoers rule for master user exists","","2026-10-05","passed","2026-10-05","","tests.bat","tests.bat",""
"","35","Client user exists inside client container","","2026-10-05","passed","2026-10-05","","tests.bat","tests.bat",""
"","13","Master container is created","","2026-10-05","passed","2026-10-05","","tests.bat","tests.bat",""
"","37","SSH runtime directory exists in master container","","2026-10-05","passed","2026-10-05","","tests.bat","tests.bat",""
"","37","Master user belongs to sudo group","","2026-10-05","passed","2026-10-05","","tests.bat","tests.bat",""
"","34","Master user exists inside master container","","2026-10-05","passed","2026-10-05","","tests.bat","tests.bat",""
"","37","SSH client is installed in client container","","2026-10-05","passed","2026-10-05","","tests.bat","tests.bat",""
